co_ies,co_mantenedora,co_conglomerate,nome_conglomerate,sigla_conglomerate,nome_mantenedora
12416,848,10001,ESTACIO PARTICIPACOES S.A.,ESTACIO,UNISEB UNIAO DOS CURSOS SUPERIORES SEB LTDA
1660,1086,10001,ESTACIO PARTICIPACOES S.A.,ESTACIO,IESST - INSTITUTO DE ENSINO SUPERIOR SOCIAL E TECNOLOGICO
2501,119,10001,ESTACIO PARTICIPACOES S.A.,ESTACIO,SOCIEDADE DE ENSINO SUPERIOR ESTACIO DE SA LTDA
4277,2683,10001,ESTACIO PARTICIPACOES S.A.,ESTACIO,CENTRO DE ASSISTENCIA AO DESENVOLVIMENTO DE FORMACAO PROFISSIONAL UNICEL LTDA
1591,1043,10001,ESTACIO PARTICIPACOES S.A.,ESTACIO,SOCIEDADE EDUCACIONAL DA AMAZONIA LTDA
1590,1042,10001,ESTACIO PARTICIPACOES S.A.,ESTACIO,UB UNISAOLUIS EDUCACIONAL S.A
4566,2861,10001,ESTACIO PARTICIPACOES S.A.,ESTACIO,SOCIEDADE UNIVERSITARIA DE EXCELENCIA EDUCACIONAL DO RIO GRANDE DO NORTE LTDA
4094,3547,10001,ESTACIO PARTICIPACOES S.A.,ESTACIO,IDEZ EMPREENDIMENTOS EDUCACIONAIS LTDA.
1521,1000,10001,ESTACIO PARTICIPACOES S.A.,ESTACIO,ORGANIZACAO PARAENSE EDUCACIONAL E DE EMPREENDIMENTOS LTDA
1058,545,10001,ESTACIO PARTICIPACOES S.A.,ESTACIO,"IREP SOCIEDADE DE ENSINO SUPERIOR, MEDIO E FUNDAMENTAL LTDA."
3838,1566,10001,ESTACIO PARTICIPACOES S.A.,ESTACIO,UNIUOL GESTAO DE EMPREENDIMENTOS EDUCAC. E PARTICIPACOES S/A
3170,626,10001,ESTACIO PARTICIPACOES S.A.,ESTACIO,ASSOCIACAO DE ENSINO DE SANTA CATARINA
1208,816,10001,ESTACIO PARTICIPACOES S.A.,ESTACIO,ANEC - SOCIEDADE NATALENSE DE EDUCACAO E CULTURA LTDA
1175,799,10001,ESTACIO PARTICIPACOES S.A.,ESTACIO,SOCIEDADE EDUCACIONAL DO RIO GRANDE DO SUL
1702,1122,10001,ESTACIO PARTICIPACOES S.A.,ESTACIO,SOCIEDADE EDUCACIONAL ATUAL DA AMAZONIA LTDA
344,3052,10002,GAEC EDUCACAO S.A.,ANIMA,MINAS GERAIS EDUCACAO SA
203,143,10002,GAEC EDUCACAO S.A.,ANIMA,AMC - SERVICOS EDUCACIONAIS LTDA
349,14298,10002,GAEC EDUCACAO S.A.,ANIMA,INSTITUTO MINEIRO DE EDUCACAO E CULTURA UNI-BH S/A
1464,15225,10002,GAEC EDUCACAO S.A.,ANIMA,HSM EDUCACAO S.A.
502,346,10002,GAEC EDUCACAO S.A.,ANIMA,INSTITUTO DE EDUCACAO E CULTURA UNIMONTE S/A
671,2600,10003,KROTON EDUCACIONAL S.A.,KROTON,ANHANGUERA EDUCACIONAL LTDA
1442,15801,10003,KROTON EDUCACIONAL S.A.,KROTON,UNIC EDUCACIONAL LTDA
2037,1029,10003,KROTON EDUCACIONAL S.A.,KROTON,UNIME - UNIAO METROPOLITANA PARA O DESENVOLVIMENTO DA EDUCACAO E CULTURA LTDA.
2175,821,10003,KROTON EDUCACIONAL S.A.,KROTON,SOCIEDADE EDUCACIONAL LEONARDO DA VINCI S/S LTDA
2755,1794,10003,KROTON EDUCACIONAL S.A.,KROTON,ASSEVIM - SOCIEDADE EDUCACIONAL DO VALE DO ITAJAI MIRIM LTDA.
2773,1805,10003,KROTON EDUCACIONAL S.A.,KROTON,UNIAO DE FACULDADES DO AMAPA LTDA
3034,1965,10003,KROTON EDUCACIONAL S.A.,KROTON,IUNI EDUCACIONAL - UNIME SALVADOR LTDA
2395,631,10003,KROTON EDUCACIONAL S.A.,KROTON,UNIAO EDUCACIONAL CANDIDO RONDON - UNIRONDON LTDA
4157,2608,10003,KROTON EDUCACIONAL S.A.,KROTON,INSTITUTO EDUCACIONAL DO ALTO VALE DO ITAJAI LTDA
1305,533,10003,KROTON EDUCACIONAL S.A.,KROTON,IUNI EDUCACIONAL S.A.
1452,958,10003,KROTON EDUCACIONAL S.A.,KROTON,CENTRO DE ENSINO ATENAS MARANHENSE LTDA
2264,14514,10003,KROTON EDUCACIONAL S.A.,KROTON,EDITORA E DISTRIBUIDORA EDUCACIONAL S/A
13743,1204,10003,KROTON EDUCACIONAL S.A.,KROTON,PITAGORAS - SISTEMA DE EDUCACAO SUPERIOR SOCIEDADE LTDA
1774,1176,10003,KROTON EDUCACIONAL S.A.,KROTON,UNIAO DE ENSINO UNOPAR LTDA
12005,3167,10003,KROTON EDUCACIONAL S.A.,KROTON,ORME SERVICOS EDUCACIONAIS LTDA
3982,1177,10003,KROTON EDUCACIONAL S.A.,KROTON,SOCIEDADE EDUCACIONAL DO VALE DO ITAPOCU S/S LTDA.
4959,3166,10003,KROTON EDUCACIONAL S.A.,KROTON,UNIAO METROPOLITANA UNIME FEIRA DE SANTANA LTDA
1945,1280,10003,KROTON EDUCACIONAL S.A.,KROTON,UNIC SORRISO LTDA
4135,1847,10004,SER EDUCACIONAL S.A.,SER,SER EDUCACIONAL S.A.
13982,13006,10004,SER EDUCACIONAL S.A.,SER,UNIVERSO PROFESSORES ASSOCIADOS S/S LTDA - ME
1318,879,10004,SER EDUCACIONAL S.A.,SER,INSTITUTO DE ENSINO SUPERIOR JUVENCIO TERRA LTDA - ME
1504,3250,10004,SER EDUCACIONAL S.A.,SER,ADEA - SOCIEDADE DE DESENVOLVIMENTO EDUCACIONAL AVANCADO LTDA
1552,1021,10004,SER EDUCACIONAL S.A.,SER,SOCIEDADE DE ENSINO SUPERIOR PIAUIENSE LTDA
1910,1258,10004,SER EDUCACIONAL S.A.,SER,CETEBA - CENTRO DE ENSINO E TECNOLOGIA DA BAHIA LTDA
4742,3031,10004,SER EDUCACIONAL S.A.,SER,CENTRO EDUCACIONAL E DESPORTIVO FASE LTDA
4197,2637,10004,SER EDUCACIONAL S.A.,SER,CIESPI-CENTRO INTEGRADO DE EDUCACAO SUPERIOR DO PIAUI LTDA
3817,2405,10004,SER EDUCACIONAL S.A.,SER,CENESUP - CENTRO NACIONAL DE ENSINO SUPERIOR LTDA
17284,2587,10004,SER EDUCACIONAL S.A.,SER,SOCIEDADE DE ENSINO SUPERIOR E DE PESQUISA DE SERGIPE LTDA - SESPS
3853,2425,10004,SER EDUCACIONAL S.A.,SER,SOCIEDADE EDUCACIONAL CARVALHO GOMES LTDA
3879,2447,10004,SER EDUCACIONAL S.A.,SER,INSTITUTO CAMPINENSE DE ENSINO SUPERIOR LTDA
1683,1108,10004,SER EDUCACIONAL S.A.,SER,CENTRO DE ENSINO SUPERIOR PIAUIENSE LTDA
1055,737,10004,SER EDUCACIONAL S.A.,SER,ABES - SOCIEDADE BAIANA DE ENSINO SUPERIOR LTDA
4544,2874,10004,SER EDUCACIONAL S.A.,SER,ASSOCIACAO DE ENSINO SUPERIOR ANGLO LIDER - AESAL
2173,1396,10005,UNIAO DAS INSTITUICOES EDUCACIONAIS DO ESTADO DE SAO PAULO,UNIESP,SOCIEDADE DE ENSINO GUAIANAS S/S LTDA
2879,1873,10005,UNIAO DAS INSTITUICOES EDUCACIONAIS DO ESTADO DE SAO PAULO,UNIESP,ASSOCIAÇÃO CAIEIRENSE DE ENSINO
2102,1381,10005,UNIAO DAS INSTITUICOES EDUCACIONAIS DO ESTADO DE SAO PAULO,UNIESP,CENTRO DE ENSINO E CULTURA DE AURIFLAMA LTDA - EPP
2039,1340,10005,UNIAO DAS INSTITUICOES EDUCACIONAIS DO ESTADO DE SAO PAULO,UNIESP,SOCIEDADE DE ENSINO E CULTURA DE ILHA SOLTEIRA S/S LTDA - ME
1896,1782,10005,UNIAO DAS INSTITUICOES EDUCACIONAIS DO ESTADO DE SAO PAULO,UNIESP,ASSOCIAÇÃO EDUCACIONAL DO CONE SUL
3981,1622,10005,UNIAO DAS INSTITUICOES EDUCACIONAIS DO ESTADO DE SAO PAULO,UNIESP,SIEN SOCIENDADE INTEGRAL DE ENSINO SUPERIOR S/C LTDA
2549,1661,10005,UNIAO DAS INSTITUICOES EDUCACIONAIS DO ESTADO DE SAO PAULO,UNIESP,SOCIEDADE EDUCACIONAL E CULTURAL VALE DO UNA LTDA. - ME
1950,1284,10005,UNIAO DAS INSTITUICOES EDUCACIONAIS DO ESTADO DE SAO PAULO,UNIESP,ASSOCIACAO DE ENSINO SUPERIOR DE ORLANDIA LTDA - EPP
1972,1295,10005,UNIAO DAS INSTITUICOES EDUCACIONAIS DO ESTADO DE SAO PAULO,UNIESP,ORGANIZACAO SULSANCAETANENSE DE EDUCACAO E CULTURA LTDA.
2131,1403,10005,UNIAO DAS INSTITUICOES EDUCACIONAIS DO ESTADO DE SAO PAULO,UNIESP,SOCIEDADE EDUCACIONAL DO GRANDE ABC LTDA
1938,1274,10005,UNIAO DAS INSTITUICOES EDUCACIONAIS DO ESTADO DE SAO PAULO,UNIESP,ESCOLA CASINHA FELIZ S/S LTDA. - ME
2530,1649,10005,UNIAO DAS INSTITUICOES EDUCACIONAIS DO ESTADO DE SAO PAULO,UNIESP,"ESCOLA SUPERIOR DE CIENCIAS, SAUDE E TECNOLOGIA LTDA - ME"
1899,1248,10005,UNIAO DAS INSTITUICOES EDUCACIONAIS DO ESTADO DE SAO PAULO,UNIESP,CESUNE - CENTRO DE ENSINO SUPERIOR DE NOVA ESPERANCA S/C LTDA - EPP
2927,1899,10005,UNIAO DAS INSTITUICOES EDUCACIONAIS DO ESTADO DE SAO PAULO,UNIESP,UESMIG - UNIÃO DE ENSINO SUPERIOR DE MINAS GERAIS LTDA - EPP
5124,3282,10005,UNIAO DAS INSTITUICOES EDUCACIONAIS DO ESTADO DE SAO PAULO,UNIESP,UNIMIL - SOCIEDADE DE EDUCAÇÃO E CULTURA S/S LTDA - ME
4598,3183,10005,UNIAO DAS INSTITUICOES EDUCACIONAIS DO ESTADO DE SAO PAULO,UNIESP,ASSOCIACAO DE ENSINO SUPERIOR BARAO DE JUNDIAI (AESB)
10418,3099,10005,UNIAO DAS INSTITUICOES EDUCACIONAIS DO ESTADO DE SAO PAULO,UNIESP,INSTITUIÇÃO DE EDUCAÇÃO SUPERIOR NACIONAL LTDA
4748,3037,10005,UNIAO DAS INSTITUICOES EDUCACIONAIS DO ESTADO DE SAO PAULO,UNIESP,FATESC FACULDADE DE TECNOLOGIA DE SANTA CATARINA LTDA
4681,2976,10005,UNIAO DAS INSTITUICOES EDUCACIONAIS DO ESTADO DE SAO PAULO,UNIESP,CENTRO DE ENSINO SUPERIOR DE SAO PAULO
4630,2942,10005,UNIAO DAS INSTITUICOES EDUCACIONAIS DO ESTADO DE SAO PAULO,UNIESP,FARTEC FACULDADE REGIONAL TECMED LTDA - ME
4605,2922,10005,UNIAO DAS INSTITUICOES EDUCACIONAIS DO ESTADO DE SAO PAULO,UNIESP,ACESCOP - ASSOCIACAO DE CULTURA E ENSINO SUPERIOR DE CORNELIO PROCOPIO S/S LTDA.
4442,2810,10005,UNIAO DAS INSTITUICOES EDUCACIONAIS DO ESTADO DE SAO PAULO,UNIESP,ESCOLA SUPERIOR DE ENSINO DE GUARULHOS LTDA - ME
4435,2804,10005,UNIAO DAS INSTITUICOES EDUCACIONAIS DO ESTADO DE SAO PAULO,UNIESP,SOCIEDADE SAO PAULO DE ENSINO SUPERIOR-SSPES-LTDA
4293,2696,10005,UNIAO DAS INSTITUICOES EDUCACIONAIS DO ESTADO DE SAO PAULO,UNIESP,SOCIEDADE EDUCACIONAL SANTO EXPEDITO LTDA - EPP
4209,2646,10005,UNIAO DAS INSTITUICOES EDUCACIONAIS DO ESTADO DE SAO PAULO,UNIESP,"SOCIEDADE DE EDUCACAO, CIENCIA E TECNOLOGIA DE ITU LTDA - ME"
13938,2623,10005,UNIAO DAS INSTITUICOES EDUCACIONAIS DO ESTADO DE SAO PAULO,UNIESP,CESMAR - CENTRO DE ENSINO SUPERIOR DE MARILIA
4029,2530,10005,UNIAO DAS INSTITUICOES EDUCACIONAIS DO ESTADO DE SAO PAULO,UNIESP,FACULDADES INTEGRADAS POLITEC - ME
2891,1876,10005,UNIAO DAS INSTITUICOES EDUCACIONAIS DO ESTADO DE SAO PAULO,UNIESP,ESCOLA SUPERIOR DE EDUCACAO BARAO DE PIRATININGA LTDA
4028,2529,10005,UNIAO DAS INSTITUICOES EDUCACIONAIS DO ESTADO DE SAO PAULO,UNIESP,CETRO CONSULTORIA EDUCACIONAL E PARTICIPAÇÕES
339,2443,10005,UNIAO DAS INSTITUICOES EDUCACIONAIS DO ESTADO DE SAO PAULO,UNIESP,ESCOLA DE ENFERMAGEM SANTA EMILIA DE RODAT
3826,2411,10005,UNIAO DAS INSTITUICOES EDUCACIONAIS DO ESTADO DE SAO PAULO,UNIESP,IDEAL - INSTITUTO DE ESTUDOS DA ALMA
3803,2395,10005,UNIAO DAS INSTITUICOES EDUCACIONAIS DO ESTADO DE SAO PAULO,UNIESP,AEJ - ASSOCIACAO EDUCACIONAL DE JAU
3793,2387,10005,UNIAO DAS INSTITUICOES EDUCACIONAIS DO ESTADO DE SAO PAULO,UNIESP,SOFES - SOCIEDADE FRUTALENSE DE ENSINO SUPERIOR LTDA - ME
3667,2322,10005,UNIAO DAS INSTITUICOES EDUCACIONAIS DO ESTADO DE SAO PAULO,UNIESP,FILADELFIA CENTRO EDUCACIONAL LTDA - ME
3456,2192,10005,UNIAO DAS INSTITUICOES EDUCACIONAIS DO ESTADO DE SAO PAULO,UNIESP,INSTITUTO BANDEIRANTES DE CIÊNCIA E TECNOLOGIA LTDA
3411,2160,10005,UNIAO DAS INSTITUICOES EDUCACIONAIS DO ESTADO DE SAO PAULO,UNIESP,INSTITUTO DE EDUCACAO E CULTURA ECA DE QUEIROS S/S LTDA - EPP
3400,2152,10005,UNIAO DAS INSTITUICOES EDUCACIONAIS DO ESTADO DE SAO PAULO,UNIESP,INSTITUTO U.B.M. LTDA - EPP
3307,2091,10005,UNIAO DAS INSTITUICOES EDUCACIONAIS DO ESTADO DE SAO PAULO,UNIESP,IERC - INSTITUTO DE ENSINO DE RIO CLARO E REPRESENTACOES LTDA
3242,2055,10005,UNIAO DAS INSTITUICOES EDUCACIONAIS DO ESTADO DE SAO PAULO,UNIESP,UNIÃO ALFA DE EDUCAÇÃO E ENSINO SUPERIOR LTDA - EPP
3230,2049,10005,UNIAO DAS INSTITUICOES EDUCACIONAIS DO ESTADO DE SAO PAULO,UNIESP,A ASOB - ASSOCIAÇÃO DE ENSINO SUPERIOR D'OESTE BAIANO
371,2024,10005,UNIAO DAS INSTITUICOES EDUCACIONAIS DO ESTADO DE SAO PAULO,UNIESP,ARTE E MUSICA LTDA. - EPP
3027,1961,10005,UNIAO DAS INSTITUICOES EDUCACIONAIS DO ESTADO DE SAO PAULO,UNIESP,CENTRO DE ENSINO SUPERIOR DE IBIPORA
5217,2526,10005,UNIAO DAS INSTITUICOES EDUCACIONAIS DO ESTADO DE SAO PAULO,UNIESP,ASSOCIACAO PAULISTA DE ENSINO LTDA
3743,2365,10005,UNIAO DAS INSTITUICOES EDUCACIONAIS DO ESTADO DE SAO PAULO,UNIESP,SOCIEDADE MANTENEDORA DE EXT.E DESEV.TEC.SÃO FRANCISCO LTDA. - EPP
2197,15863,10005,UNIAO DAS INSTITUICOES EDUCACIONAIS DO ESTADO DE SAO PAULO,UNIESP,COSTA BRASILEIRA EDUCACIONAL LTDA
994,698,10005,UNIAO DAS INSTITUICOES EDUCACIONAIS DO ESTADO DE SAO PAULO,UNIESP,UNIAO BRASILEIRA DE CULTURA E EDUCACAO
1449,956,10005,UNIAO DAS INSTITUICOES EDUCACIONAIS DO ESTADO DE SAO PAULO,UNIESP,ASSOCIACAO DE ENSINO SUPERIOR DE IBAITI - AESI
493,339,10005,UNIAO DAS INSTITUICOES EDUCACIONAIS DO ESTADO DE SAO PAULO,UNIESP,ORGANIZAÇÃO GUÁRA DE ENSINO
516,357,10005,UNIAO DAS INSTITUICOES EDUCACIONAIS DO ESTADO DE SAO PAULO,UNIESP,ASSOCIACAO DE ENSINO DE CAMPO GRANDE
650,424,10005,UNIAO DAS INSTITUICOES EDUCACIONAIS DO ESTADO DE SAO PAULO,UNIESP,INSTITUICAO DE ENSINO SUPERIOR DE AVARE LTDA - EPP
3190,903,10005,UNIAO DAS INSTITUICOES EDUCACIONAIS DO ESTADO DE SAO PAULO,UNIESP,INSTITUTO DE ENSINO SUPERIOR DE GARCA S/C LTDA - EPP
1212,484,10005,UNIAO DAS INSTITUICOES EDUCACIONAIS DO ESTADO DE SAO PAULO,UNIESP,INSTITUTO EDUCACIONAL DE ASSIS IEDA
2257,888,10005,UNIAO DAS INSTITUICOES EDUCACIONAIS DO ESTADO DE SAO PAULO,UNIESP,DIADEMA ESCOLA SUPERIOR DE ENSINO S/S LTDA
1324,884,10005,UNIAO DAS INSTITUICOES EDUCACIONAIS DO ESTADO DE SAO PAULO,UNIESP,ASSOCIACAO EDUCACIONAL LEMOS DE CASTRO - AELC
1313,875,10005,UNIAO DAS INSTITUICOES EDUCACIONAIS DO ESTADO DE SAO PAULO,UNIESP,ASSOCIACAO DE EDUCACAO SUPERIOR DE SUZANO
743,500,10005,UNIAO DAS INSTITUICOES EDUCACIONAIS DO ESTADO DE SAO PAULO,UNIESP,ASSOCIACAO PESTALOZZI DE NITEROI
762,518,10005,UNIAO DAS INSTITUICOES EDUCACIONAIS DO ESTADO DE SAO PAULO,UNIESP,ASSOCIAÇÃO EDUCACIONAL MATOGROSSENSE
1291,860,10005,UNIAO DAS INSTITUICOES EDUCACIONAIS DO ESTADO DE SAO PAULO,UNIESP,CETEC - CENTRO EDUCACIONAL TECNOLOGICO DE ENSINO E CULTURA LTDA.
906,636,10005,UNIAO DAS INSTITUICOES EDUCACIONAIS DO ESTADO DE SAO PAULO,UNIESP,ORGANIZACAO PAULISTANA EDUCACIONAL E CULTURAL
983,687,10005,UNIAO DAS INSTITUICOES EDUCACIONAIS DO ESTADO DE SAO PAULO,UNIESP,ASSOCIAÇÃO EDUCACIONAL PASCALE E CASTRO S/C LTDA.
1213,819,10005,UNIAO DAS INSTITUICOES EDUCACIONAIS DO ESTADO DE SAO PAULO,UNIESP,SOCIEDADE EDUCACIONAL FLEMING
1180,802,10005,UNIAO DAS INSTITUICOES EDUCACIONAIS DO ESTADO DE SAO PAULO,UNIESP,FUNDAÇÃO BARDDAL DE EDUCAÇÃO E CULTURA
1884,1239,10005,UNIAO DAS INSTITUICOES EDUCACIONAIS DO ESTADO DE SAO PAULO,UNIESP,D.D.G. S/S LTDA - EPP
1013,710,10005,UNIAO DAS INSTITUICOES EDUCACIONAIS DO ESTADO DE SAO PAULO,UNIESP,ASSOCIACAO TABOAO DA SERRA DE EDUCACAO E CULTURA ATSEC
1194,777,10005,UNIAO DAS INSTITUICOES EDUCACIONAIS DO ESTADO DE SAO PAULO,UNIESP,ASSOCIAÇÃO EDUCACIONAL ESGAIB KAYATT
1465,959,10005,UNIAO DAS INSTITUICOES EDUCACIONAIS DO ESTADO DE SAO PAULO,UNIESP,ASSSOCIACAO FACULDADE DE RIBEIRAO PRETO S/S LTDA.
1118,775,10005,UNIAO DAS INSTITUICOES EDUCACIONAIS DO ESTADO DE SAO PAULO,UNIESP,SOCIEDADE MANTENEDORA DE ENSINO SUPERIOR DE MIRASSOL LTDA. - SOMESMI
1463,961,10005,UNIAO DAS INSTITUICOES EDUCACIONAIS DO ESTADO DE SAO PAULO,UNIESP,CENTRO DE ENSINO SUPERIOR DE BARUERI
1532,1005,10005,UNIAO DAS INSTITUICOES EDUCACIONAIS DO ESTADO DE SAO PAULO,UNIESP,COLEGIO TECNICO COMERCIAL NOSSA SENHORA APARECIDA
1831,1213,10005,UNIAO DAS INSTITUICOES EDUCACIONAIS DO ESTADO DE SAO PAULO,UNIESP,CENTRO DE ENSINO SUPERIOR DE IBITINGA
1304,124,10005,UNIAO DAS INSTITUICOES EDUCACIONAIS DO ESTADO DE SAO PAULO,UNIESP,ORGANIZACAO EDUCACIONAL DE RIBEIRAO PIRES
1816,1202,10005,UNIAO DAS INSTITUICOES EDUCACIONAIS DO ESTADO DE SAO PAULO,UNIESP,IESB - INSTITUTO DE ENSINO SUPERIOR DE BAURU LIMITADA
201,142,10005,UNIAO DAS INSTITUICOES EDUCACIONAIS DO ESTADO DE SAO PAULO,UNIESP,SOCIEDADE UNIFICADA DE ENSINO SUPERIOR E CULTURA
1804,1197,10005,UNIAO DAS INSTITUICOES EDUCACIONAIS DO ESTADO DE SAO PAULO,UNIESP,INSTITUTO EDUCACIONAL IRINEU EVANGELISTA DE SOUZA - BARAO DE MAUA
225,163,10005,UNIAO DAS INSTITUICOES EDUCACIONAIS DO ESTADO DE SAO PAULO,UNIESP,OSAEC - ORGANIZACAO SANTO ANDREENSE DE EDUCACAO E CULTURA S/S LTDA
254,180,10005,UNIAO DAS INSTITUICOES EDUCACIONAIS DO ESTADO DE SAO PAULO,UNIESP,ILBEC-INSTITUICAO LUSO-BRASILEIRA DE EDUCACAO E CULTURA S/S LTDA.
256,182,10005,UNIAO DAS INSTITUICOES EDUCACIONAIS DO ESTADO DE SAO PAULO,UNIESP,OPEC ORGANIZAÇÃO PIRAJUENSE DE EDUCAÇÃO E CULTURA LTDA
1765,1170,10005,UNIAO DAS INSTITUICOES EDUCACIONAIS DO ESTADO DE SAO PAULO,UNIESP,UNIAO DE INSTITUICOES BONIFACIANAS DE ENSINO
270,193,10005,UNIAO DAS INSTITUICOES EDUCACIONAIS DO ESTADO DE SAO PAULO,UNIESP,INSTITUICAO PAULISTA DE ENSINO E CULTURA LTDA - EPP
1689,1112,10005,UNIAO DAS INSTITUICOES EDUCACIONAIS DO ESTADO DE SAO PAULO,UNIESP,INSTITUICAO DE EDUCACAO SUPERIOR SANTA IZILDINHA LTDA - EPP
1685,1110,10005,UNIAO DAS INSTITUICOES EDUCACIONAIS DO ESTADO DE SAO PAULO,UNIESP,SISTEMA BARDDAL DE ENSINO LTDA.
1619,1065,10005,UNIAO DAS INSTITUICOES EDUCACIONAIS DO ESTADO DE SAO PAULO,UNIESP,SOCIEDADE OLIMPIENSE DE EDUCACAO E CULTURA S/S LTDA - EPP
1581,1037,10005,UNIAO DAS INSTITUICOES EDUCACIONAIS DO ESTADO DE SAO PAULO,UNIESP,CENTRO DE ENSINO SUPERIOR DE SANTA LUZIA - CESSAL
1562,1026,10005,UNIAO DAS INSTITUICOES EDUCACIONAIS DO ESTADO DE SAO PAULO,UNIESP,"INSTITUTO DE EDUCACAO, CIENCIA E TECNOLOGIA DE ILHA SOLTEIRA"
1096,289,10005,UNIAO DAS INSTITUICOES EDUCACIONAIS DO ESTADO DE SAO PAULO,UNIESP,INSTITUTO EDUCACIONAL DO ESTADO DE SAO PAULO - IESP
1545,1017,10005,UNIAO DAS INSTITUICOES EDUCACIONAIS DO ESTADO DE SAO PAULO,UNIESP,FACULDADES INTEGRADAS BRASILEIRAS
1516,996,10005,UNIAO DAS INSTITUICOES EDUCACIONAIS DO ESTADO DE SAO PAULO,UNIESP,H. C. ORGANIZAÇÃO EDUCACIONAL
1886,763,10005,UNIAO DAS INSTITUICOES EDUCACIONAIS DO ESTADO DE SAO PAULO,UNIESP,INSTITUTO EDUCACIONAL DE MONTE ALTO
1252,1509,10006,ASSOCIACAO EDUCATIVA DO BRASIL - SOEBRAS,SOEBRAS,ASSOCIACAO EDUCATIVA DO BRASIL - SOEBRAS
14160,221,10007,FUNDACAO PRESIDENTE ANTONIO CARLOS,FUPAC,FUNDACAO PRESIDENTE ANTONIO CARLOS
4025,33,10008,CENTRO ESTADUAL DE EDUCACAO TECNOLOGICA PAULA SOUZA,PAULA SOUZA,CENTRO ESTADUAL DE EDUCACAO TECNOLOGICA PAULA SOUZA
4729,407,10009,CAMPANHA NACIONAL DE ESCOLAS DA COMUNIDADE,CNEC,CAMPANHA NACIONAL DE ESCOLAS DA COMUNIDADE
2150,2415,10010,ASSOCIACAO UNIFICADA PAULISTA DE ENSINO RENOVADO OBJETIVO,OBJETIVO,ASSOCIACAO UNIFICADA PAULISTA DE ENSINO RENOVADO OBJETIVO-ASSUPERO
3788,519,10010,ASSOCIACAO UNIFICADA PAULISTA DE ENSINO RENOVADO OBJETIVO,OBJETIVO,ASSOCIACAO OBJETIVO DE ENSINO SUPERIOR - ASSOBES
1558,218,10011,INSTITUTO ENSINAR BRASIL,ENSINAR,INSTITUTO ENSINAR BRASIL
991,695,10012,SERVICO NACIONAL DE APRENDIZAGEM INDUSTRIAL,SENAI,SERVICO NACIONAL DE APRENDIZAGEM INDUSTRIAL SENAI
4101,2476,10012,SERVICO NACIONAL DE APRENDIZAGEM INDUSTRIAL,SENAI,SERVICO NACIONAL DE APRENDIZAGEM INDUSTRIAL SENAI
17631,2495,10012,SERVICO NACIONAL DE APRENDIZAGEM INDUSTRIAL,SENAI,SERVICO NACIONAL DE APRENDIZAGEM INDUSTRIAL - SENAI
4295,2499,10012,SERVICO NACIONAL DE APRENDIZAGEM INDUSTRIAL,SENAI,SERVICO NACIONAL DE APRENDIZAGEM INDUSTRIAL
1958,822,10012,SERVICO NACIONAL DE APRENDIZAGEM INDUSTRIAL,SENAI,SERVICO NACIONAL DE APRENDIZAGEM INDUSTRIAL
16967,15582,10012,SERVICO NACIONAL DE APRENDIZAGEM INDUSTRIAL,SENAI,SERVICO NACIONAL DE APRENDIZAGEM INDUSTRIAL SENAI
13878,12786,10012,SERVICO NACIONAL DE APRENDIZAGEM INDUSTRIAL,SENAI,SERVICO NACIONAL DE APRENDIZAGEM INDUSTRIAL
4107,2579,10012,SERVICO NACIONAL DE APRENDIZAGEM INDUSTRIAL,SENAI,SERVICO NACIONAL DE APRENDIZAGEM INDUSTRIAL-SENAI
4532,2865,10012,SERVICO NACIONAL DE APRENDIZAGEM INDUSTRIAL,SENAI,SENAI-SERVICO NACIONAL DE APRENDIZAGEM INDUSTRIAL
17690,796,10012,SERVICO NACIONAL DE APRENDIZAGEM INDUSTRIAL,SENAI,SERVICO NACIONAL DE APRENDIZAGEM INDUSTRIAL
14412,13506,10012,SERVICO NACIONAL DE APRENDIZAGEM INDUSTRIAL,SENAI,SERVICO NACIONAL DE APRENDIZAGEM INDUSTRIAL
10116,3479,10012,SERVICO NACIONAL DE APRENDIZAGEM INDUSTRIAL,SENAI,SENAI - SERVICO NACIONAL DE APRENDIZAGEM INDUSTRIAL
13677,12614,10012,SERVICO NACIONAL DE APRENDIZAGEM INDUSTRIAL,SENAI,SERVICO NACIONAL DE APRENDIZAGEM INDUSTRIAL - SENAI
4219,401,10013,FUNDACAO EDUCACIONAL DE ALEM PARAIBA,FEAP,FUNDACAO EDUCACIONAL DE ALEM PARAIBA
1030,1223,10014,GRUPO IBMEC EDUCACIONAL S.A,IBMEC,GRUPO IBMEC EDUCACIONAL S.A
1738,314,10015,ASSOCIACAO EDUCACIONAL LUTERANA DO BRASIL - AELBRA,LUTERANA,ASSOCIACAO EDUCACIONAL LUTERANA DO BRASIL - AELBRA
13695,110,10016,FUNDACAO GETULIO VARGAS,FGV,FUNDACAO GETULIO VARGAS
3487,2200,10017,SERVICO NACIONAL DE APRENDIZAGEM COMERCIAL - SENAC,SENAC,SERVICO NACIONAL DE APRENDIZAGEM COMERCIAL SENAC AR/RS
3947,2084,10017,SERVICO NACIONAL DE APRENDIZAGEM COMERCIAL - SENAC,SENAC,SERVICO NACIONAL DE APRENDIZAGEM COMERCIAL - SENAC
4162,2612,10017,SERVICO NACIONAL DE APRENDIZAGEM COMERCIAL - SENAC,SENAC,SERVICO NACIONAL DE APRENDIZAGEM COMERCIAL - SENAC
3332,2085,10017,SERVICO NACIONAL DE APRENDIZAGEM COMERCIAL - SENAC,SENAC,SERVICO NACIONAL DE APRENDIZAGEM COMERCIAL - SENAC ARRJ
3985,543,10017,SERVICO NACIONAL DE APRENDIZAGEM COMERCIAL - SENAC,SENAC,SERVICO NACIONAL DE APRENDIZAGEM COMERCIAL SENAC
12772,1756,10017,SERVICO NACIONAL DE APRENDIZAGEM COMERCIAL - SENAC,SENAC,SERVICO NACIONAL DE APRENDIZAGEM COMERCIAL - SENAC MINAS
4732,3022,10017,SERVICO NACIONAL DE APRENDIZAGEM COMERCIAL - SENAC,SENAC,SENAC - SERVICO NACIONAL DE APRENDIZAGEM COMERCIAL - ADMINIS
3996,2517,10017,SERVICO NACIONAL DE APRENDIZAGEM COMERCIAL - SENAC,SENAC,SERVICO NACIONAL DE APRENDIZAGEM COMERCIAL SENAC
3228,1336,10018,ITPAC-INSTITUTO TOCANTINENSE PRESIDENTE ANTONIO CARLOS LTDA,ITPAC,ITPAC-INSTITUTO TOCANTINENSE PRESIDENTE ANTONIO CARLOS LTDA
5544,3575,10018,ITPAC-INSTITUTO TOCANTINENSE PRESIDENTE ANTONIO CARLOS LTDA,ITPAC,ITPAC PORTO NACIONAL - INSTITUTO TOCANTINENSE PRESIDENTE ANTONIO CARLOS PORTO LTDA
2275,1264,10019,INSTITUTO EDUCACIONAL SANTO AGOSTINHO LTDA,SANTO AGOSTINHO,INSTITUTO EDUCACIONAL SANTO AGOSTINHO LTDA
461,320,10020,FUNDACAO ARMANDO ALVARES PENTEADO,ALVARES PENTEADO,FUNDACAO ARMANDO ALVARES PENTEADO
14165,2124,10021,FUNDACAO DE ENSINO E PESQUISA DO SUL DE MINAS,FEPESMIG,FUNDACAO DE ENSINO E PESQUISA DO SUL DE MINAS
1461,1564,10022,INSTITUTO MANTENEDOR DE ENSINO SUPERIOR DA BAHIA LTDA - ME,IMES,INSTITUTO MANTENEDOR DE ENSINO SUPERIOR DA BAHIA LTDA - ME
647,497,10023,UNIAO SOCIAL CAMILIANA,USC,UNIAO SOCIAL CAMILIANA
4185,715,10024,"UNISEPE UNIAO DAS INSTITUICOES DE SERVICO, ENSINO E PESQUISA LTDA",UNISEPE,"UNISEPE UNIAO DAS INSTITUICOES DE SERVICO, ENSINO E PESQUISA LTDA"
1805,1198,10025,REDE INTERNACIONAL DE UNIVERSIDADES LAUREATE LTDA,LAUREATE,SOCEC- SOCIEDADE CAPIBARIBE DE EDUCACAO E CULTURA S.A
475,712,10025,REDE INTERNACIONAL DE UNIVERSIDADES LAUREATE LTDA,LAUREATE,INSTITUTO BRASILEIRO DE MEDICINA DE REABILITACAO LTDA
374,262,10025,REDE INTERNACIONAL DE UNIVERSIDADES LAUREATE LTDA,LAUREATE,FACULDADES METROPOLITANAS UNIDAS ASSOCIACAO EDUCACIONAL
385,268,10025,REDE INTERNACIONAL DE UNIVERSIDADES LAUREATE LTDA,LAUREATE,FACS SERVICOS EDUCACIONAIS LTDA
448,313,10025,REDE INTERNACIONAL DE UNIVERSIDADES LAUREATE LTDA,LAUREATE,SOCIEDADE DE EDUCACAO RITTER DOS REIS LTDA.
466,321,10025,REDE INTERNACIONAL DE UNIVERSIDADES LAUREATE LTDA,LAUREATE,ISCP - SOCIEDADE EDUCACIONAL S.A.
2950,1913,10025,REDE INTERNACIONAL DE UNIVERSIDADES LAUREATE LTDA,LAUREATE,FADERGS - FACULDADE DE DESENVOLVIMENTO DO RIO GRANDE DO SUL S.A.
718,481,10025,REDE INTERNACIONAL DE UNIVERSIDADES LAUREATE LTDA,LAUREATE,APEC - SOCIEDADE POTIGUAR DE EDUCACAO E CULTURA LTDA
3099,2003,10025,REDE INTERNACIONAL DE UNIVERSIDADES LAUREATE LTDA,LAUREATE,ASPEC - SOCIEDADE PARAIBANA DE EDUCACAO E CULTURA S.A.
1422,656,10025,REDE INTERNACIONAL DE UNIVERSIDADES LAUREATE LTDA,LAUREATE,SOCIEDADE DE DESENVOLVIMENTO CULTURAL DO AMAZONAS S.A. - SODECAM
1772,1174,10026,DEVRY BRASIL,DEVRY,DEVRY EDUCACIONAL DO BRASIL S/A
396,273,10026,DEVRY BRASIL,DEVRY,ABEP - ACADEMIA BAIANA DE ENSINO PESQUISA E EXTENSAO LTDA
1775,1179,10026,DEVRY BRASIL,DEVRY,SOCIEDADE DE EDUCACAO DO VALE DO IPOJUCA S/A
1381,914,10026,DEVRY BRASIL,DEVRY,INSTITUTO DE ENSINO SUPERIOR DA AMAZONIA LTDA
1255,14488,10026,DEVRY BRASIL,DEVRY,FBV - FACULDADE BOA VIAGEM S.A.
1734,1148,10026,DEVRY BRASIL,DEVRY,INTEGRAL - GRUPO DE ENSINO SUPERIOR DO PIAUI S/C LTDA
1410,934,10026,DEVRY BRASIL,DEVRY,CBES - CENTRO BAIANO DE ENSINO SUPERIOR LTDA
